x0000,y0000
0,0,
0.002095093467,0.2765278579,
0.004190186934,0.552908853,
0.006285280401,0.8289962004,
0.008380373868,1.104643271,
0.01047546733,1.379703671,
0.0125705608,1.654031315,
0.01466565427,1.927480511,
0.01676074774,2.199906029,
0.0188558412,2.471163186,
0.02095093467,2.741107918,
0.02304602814,3.00959686,
0.0251411216,3.276487416,
0.02723621507,3.541637844,
0.02933130854,3.804907322,
0.031426402,4.06615603,
0.03352149547,4.325245219,
0.03561658894,4.582037287,
0.0377116824,4.836395855,
0.03980677587,5.088185832,
0.04190186934,5.337273495,
0.0439969628,5.583526554,
0.04609205627,5.826814224,
0.04818714974,6.067007298,
0.05028224321,6.303978209,
0.05237733667,6.537601102,
0.05447243014,6.767751903,
0.05656752361,6.994308378,
0.05866261707,7.217150204,
0.06075771054,7.436159032,
0.06285280401,7.651218546,
0.06494789747,7.862214529,
0.06704299094,8.069034923,
0.06913808441,8.271569885,
0.07123317787,8.46971185,
0.07332827134,8.663355585,
0.07542336481,8.852398248,
0.07751845827,9.036739439,
0.07961355174,9.216281254,
0.08170864521,9.39092834,
0.08380373868,9.560587942,
0.08589883214,9.725169956,
0.08799392561,9.884586971,
0.09008901908,10.03875432,
0.09218411254,10.18759013,
0.09427920601,10.33101536,
0.09637429948,10.46895382,
0.09846939294,10.60133226,
0.1005644864,10.72808038,
0.1026595799,10.84913086,
0.1047546733,10.96441942,
0.1068497668,11.07388481,
0.1089448603,11.17746891,
0.1110399537,11.2751167,
0.1131350472,11.36677632,
0.1152301407,11.45239909,
0.1173252341,11.53193955,
0.1194203276,11.60535543,
0.1215154211,11.67260776,
0.1236105145,11.73366082,
0.125705608,11.78848217,
0.1278007015,11.83704271,
0.1298957949,11.87931665,
0.1319908884,11.91528153,
0.1340859819,11.94491825,
0.1361810753,11.96821108,
0.1382761688,11.98514763,
0.1403712623,11.99571893,
0.1424663557,11.99991934,
0.1445614492,11.99774665,
0.1466565427,11.98920201,
0.1487516361,11.97428995,
0.1508467296,11.95301839,
0.1529418231,11.92539863,
0.1550369165,11.89144535,
0.15713201,11.85117656,
0.1592271035,11.80461367,
0.1613221969,11.75178139,
0.1634172904,11.69270779,
0.1655123839,11.62742424,
0.1676074774,11.55596541,
0.1697025708,11.47836925,
0.1717976643,11.39467699,
0.1738927578,11.30493305,
0.1759878512,11.20918511,
0.1780829447,11.10748402,
0.1801780382,10.99988379,
0.1822731316,10.88644157,
0.1843682251,10.7672176,
0.1864633186,10.64227521,
0.188558412,10.51168074,
0.1906535055,10.37550357,
0.192748599,10.23381601,
0.1948436924,10.08669331,
0.1969387859,9.934213614,
0.1990338794,9.776457895,
0.2011289728,9.613509939,
0.2032240663,9.445456286,
0.2053191598,9.272386191,
0.2074142532,9.09439157,
0.2095093467,8.911566954,
0.2116044402,8.724009441,
0.2136995336,8.531818643,
0.2157946271,8.335096631,
0.2178897206,8.133947883,
0.219984814,7.928479229,
0.2220799075,7.718799792,
0.224175001,7.505020932,
0.2262700944,7.287256186,
0.2283651879,7.065621208,
0.2304602814,6.840233708,
0.2325553748,6.611213387,
0.2346504683,6.378681879,
0.2367455618,6.142762678,
0.2388406552,5.903581081,
0.2409357487,5.661264117,
0.2430308422,5.415940478,
0.2451259356,5.167740455,
0.2472210291,4.916795867,
0.2493161226,4.663239988,
0.251411216,4.407207482,
0.2535063095,4.148834326,
0.255601403,3.888257741,
0.2576964964,3.625616119,
0.2597915899,3.361048946,
0.2618866834,3.094696734,
0.2639817768,2.826700941,
0.2660768703,2.557203899,
0.2681719638,2.286348737,
0.2702670572,2.014279304,
0.2723621507,1.741140096,
0.2744572442,1.467076175,
0.2765523376,1.192233096,
0.2786474311,0.9167568267,
0.2807425246,0.6407936718,
0.282837618,0.3644901941,
0.2849327115,0.08799313703,
0.287027805,-0.1885506528,
0.2891228984,-0.4649943041,
0.2912179919,-0.7411909989,
0.2933130854,-1.01699405,
0.2954081788,-1.29225698,
0.2975032723,-1.566833598,
0.2995983658,-1.840578076,
0.3016934592,-2.113345031,
0.3037885527,-2.384989597,
0.3058836462,-2.655367505,
0.3079787396,-2.924335159,
0.3100738331,-3.191749709,
0.3121689266,-3.457469135,
0.31426402,-3.721352313,
0.3163591135,-3.983259096,
0.318454207,-4.243050386,
0.3205493004,-4.50058821,
0.3226443939,-4.755735789,
0.3247394874,-5.008357617,
0.3268345808,-5.258319527,
0.3289296743,-5.505488764,
0.3310247678,-5.749734059,
0.3331198612,-5.990925694,
0.3352149547,-6.228935573,
0.3373100482,-6.463637289,
0.3394051416,-6.694906195,
0.3415002351,-6.922619463,
0.3435953286,-7.146656156,
0.345690422,-7.366897289,
0.3477855155,-7.583225893,
0.349880609,-7.795527078,
0.3519757024,-8.003688089,
0.3540707959,-8.207598375,
0.3561658894,-8.407149638,
0.3582609828,-8.602235899,
0.3603560763,-8.792753548,
0.3624511698,-8.978601401,
0.3645462632,-9.159680756,
0.3666413567,-9.335895442,
0.3687364502,-9.507151872,
0.3708315436,-9.673359093,
0.3729266371,-9.834428832,
0.3750217306,-9.990275546,
0.377116824,-10.14081647,
0.3792119175,-10.28597164,
0.381307011,-10.42566398,
0.3834021044,-10.55981929,
0.3854971979,-10.68836632,
0.3875922914,-10.8112368,
0.3896873848,-10.92836548,
0.3917824783,-11.03969015,
0.3938775718,-11.14515169,
0.3959726652,-11.24469408,
0.3980677587,-11.33826446,
0.4001628522,-11.42581314,
0.4022579456,-11.50729361,
0.4043530391,-11.58266261,
0.4064481326,-11.6518801,
0.408543226,-11.71490932,
0.4106383195,-11.77171681,
0.412733413,-11.82227238,
0.4148285064,-11.8665492,
0.4169235999,-11.90452374,
0.4190186934,-11.93617583,
0.4211137868,-11.96148867,
0.4232088803,-11.98044881,
0.4253039738,-11.99304619,
0.4273990672,-11.99927411,
0.4294941607,-11.99912926,
0.4315892542,-11.99261172,
0.4336843476,-11.97972496,
0.4357794411,-11.96047582,
0.4378745346,-11.93487451,
0.439969628,-11.90293464,
0.4420647215,-11.86467317,
0.444159815,-11.82011042,
0.4462549084,-11.76927006,
0.4483500019,-11.71217909,
0.4504450954,-11.64886783,
0.4525401888,-11.5793699,
0.4546352823,-11.50372222,
0.4567303758,-11.42196496,
0.4588254692,-11.33414154,
0.4609205627,-11.2402986,
0.4630156562,-11.14048598,
0.4651107496,-11.0347567,
0.4672058431,-10.92316691,
0.4693009366,-10.80577586,
0.47139603,-10.68264591,
0.4734911235,-10.55384246,
0.475586217,-10.4194339,
0.4776813104,-10.27949162,
0.4797764039,-10.13408994,
0.4818714974,-9.983306094,
0.4839665908,-9.827220153,
0.4860616843,-9.665915015,
0.4881567778,-9.49947635,
0.4902518713,-9.327992551,
0.4923469647,-9.151554694,
0.4944420582,-8.970256484,
0.4965371517,-8.784194207,
0.4986322451,-8.59346668,
0.5007273386,-8.398175199,
0.5028224321,-8.198423481,
0.5049175255,-7.994317614,
0.507012619,-7.785965997,
0.5091077125,-7.573479286,
0.5112028059,-7.356970331,
0.5132978994,-7.136554119,
0.5153929929,-6.912347713,
0.5174880863,-6.684470187,
0.5195831798,-6.453042566,
0.5216782733,-6.218187761,
0.5237733667,-5.980030501,
0.5258684602,-5.738697272,
0.5279635537,-5.494316245,
0.5300586471,-5.247017208,
0.5321537406,-4.996931502,
0.5342488341,-4.744191947,
0.5363439275,-4.48893277,
0.538439021,-4.231289539,
0.5405341145,-3.971399088,
0.5426292079,-3.709399444,
0.5447243014,-3.445429752,
0.5468193949,-3.179630207,
0.5489144883,-2.912141973,
0.5510095818,-2.643107112,
0.5531046753,-2.372668508,
0.5551997687,-2.10096979,
0.5572948622,-1.828155255,
0.5593899557,-1.554369794,
0.5614850491,-1.279758814,
0.5635801426,-1.004468159,
0.5656752361,-0.7286440352,
0.5677703295,-0.4524329316,
0.569865423,-0.1759815427,
0.5719605165,0.1005633093,
0.5740556099,0.3770547525,
0.5761507034,0.6533459435,
0.5782457969,0.9292901451,
0.5803408903,1.204740804,
0.5824359838,1.479551631,
0.5845310773,1.753576674,
0.5866261707,2.026670399,
0.5887212642,2.298687768,
0.5908163577,2.569484313,
0.5929114511,2.838916216,
0.5950065446,3.106840382,
0.5971016381,3.373114518,
0.5991967315,3.637597206,
0.601291825,3.900147981,
0.6033869185,4.160627404,
0.6054820119,4.418897135,
0.6075771054,4.674820007,
0.6096721989,4.928260102,
0.6117672923,5.179082818,
0.6138623858,5.427154944,
0.6159574793,5.67234473,
0.6180525727,5.914521958,
0.6201476662,6.153558007,
0.6222427597,6.389325926,
0.6243378531,6.621700501,
0.6264329466,6.850558318,
0.6285280401,7.075777831,
0.6306231335,7.297239427,
0.632718227,7.51482549,
0.6348133205,7.728420459,
0.6369084139,7.937910896,
0.6390035074,8.143185541,
0.6410986009,8.344135374,
0.6431936943,8.54065367,
0.6452887878,8.732636061,
0.6473838813,8.919980584,
0.6494789747,9.102587741,
0.6515740682,9.280360552,
0.6536691617,9.453204601,
0.6557642551,9.621028092,
0.6578593486,9.783741895,
0.6599544421,9.941259592,
0.6620495355,10.09349753,
0.664144629,10.24037485,
0.6662397225,10.38181354,
0.6683348159,10.5177385,
0.6704299094,10.64807754,
0.6725250029,10.77276142,
0.6746200963,10.89172393,
0.6767151898,11.00490189,
0.6788102833,11.1122352,
0.6809053767,11.21366684,
0.6830004702,11.30914294,
0.6850955637,11.39861281,
0.6871906571,11.48202893,
0.6892857506,11.55934698,
0.6913808441,11.63052591,
0.6934759375,11.69552792,
0.695571031,11.75431848,
0.6976661245,11.80686637,
0.6997612179,11.85314368,
0.7018563114,11.89312584,
0.7039514049,11.9267916,
0.7060464983,11.9541231,
0.7081415918,11.97510581,
0.7102366853,11.98972858,
0.7123317787,11.99798367,
0.7144268722,11.99986667,
0.7165219657,11.9953766,
0.7186170591,11.98451582,
0.7207121526,11.96729012,
0.7228072461,11.94370865,
0.7249023395,11.91378391,
0.726997433,11.87753182,
0.7290925265,11.83497162,
0.7311876199,11.78612591,
0.7332827134,11.73102064,
0.7353778069,11.66968507,
0.7374729003,11.60215178,
0.7395679938,11.52845663,
0.7416630873,11.44863877,
0.7437581807,11.36274058,
0.7458532742,11.27080769,
0.7479483677,11.17288892,
0.7500434611,11.06903627,
0.7521385546,10.9593049,
0.7542336481,10.8437531,
0.7563287415,10.72244221,
0.758423835,10.59543669,
0.7605189285,10.46280397,
0.7626140219,10.32461449,
0.7647091154,10.18094166,
0.7668042089,10.03186177,
0.7688993023,9.877454,
0.7709943958,9.717800355,
0.7730894893,9.552985625,
0.7751845827,9.383097344,
0.7772796762,9.208225738,
0.7793747697,9.028463682,
0.7814698631,8.843906645,
0.7835649566,8.654652645,
0.7856600501,8.460802195,
0.7877551435,8.262458248,
0.789850237,8.059726143,
0.7919453305,7.85271355,
0.7940404239,7.641530413,
0.7961355174,7.426288891,
0.7982306109,7.207103297,
0.8003257043,6.98409004,
0.8024207978,6.757367562,
0.8045158913,6.527056273,
0.8066109847,6.293278491,
0.8087060782,6.056158375,
0.8108011717,5.815821858,
0.8128962652,5.572396582,
0.8149913586,5.326011828,
0.8170864521,5.076798452,
0.8191815456,4.824888809,
0.821276639,4.570416687,
0.8233717325,4.313517236,
0.825466826,4.054326893,
0.8275619194,3.792983314,
0.8296570129,3.529625296,
0.8317521064,3.26439271,
0.8338471998,2.997426418,
0.8359422933,2.728868204,
0.8380373868,2.4588607,
0.8401324802,2.187547306,
0.8422275737,1.915072113,
0.8443226672,1.641579834,
0.8464177606,1.367215719,
0.8485128541,1.092125481,
0.8506079476,0.8164552192,
0.852703041,0.5403513417,
0.8547981345,0.2639604858,
0.856893228,-0.0125705585,
0.8589883214,-0.2890949266,
0.8610834149,-0.5654657575,
0.8631785084,-0.8415362719,
0.8652736018,-1.11715985,
0.8673686953,-1.392190109,
0.8694637888,-1.666480981,
0.8715588822,-1.939886792,
0.8736539757,-2.212262338,
0.8757490692,-2.48346296,
0.8778441626,-2.753344624,
0.8799392561,-3.021763999,
0.8820343496,-3.288578527,
0.884129443,-3.553646505,
0.8862245365,-3.816827156,
0.88831963,-4.077980705,
0.8904147234,-4.336968455,
0.8925098169,-4.593652859,
0.8946049104,-4.847897593,
0.8967000038,-5.099567629,
0.8987950973,-5.348529305,
0.9008901908,-5.594650399,
0.9029852842,-5.837800197,
0.9050803777,-6.077849563,
0.9071754712,-6.314671008,
0.9092705646,-6.548138758,
0.9113656581,-6.778128817,
0.9134607516,-7.00451904,
0.915555845,-7.227189192,
0.9176509385,-7.446021013,
0.919746032,-7.660898283,
0.9218411254,-7.871706881,
0.9239362189,-8.078334848,
0.9260313124,-8.280672444,
0.9281264058,-8.47861221,
0.9302214993,-8.672049018,
0.9323165928,-8.860880137,
0.9344116862,-9.045005279,
0.9365067797,-9.224326656,
0.9386018732,-9.398749031,
0.9406969666,-9.568179768,
0.9427920601,-9.732528884,
0.9448871536,-9.891709094,
0.946982247,-10.04563586,
0.9490773405,-10.19422743,
0.951172434,-10.33740488,
0.9532675274,-10.47509218,
0.9553626209,-10.60721621,
0.9574577144,-10.73370678,
0.9595528078,-10.85449673,
0.9616479013,-10.9695219,
0.9637429948,-11.07872119,
0.9658380882,-11.18203663,
0.9679331817,-11.27941333,
0.9700282752,-11.37079959,
0.9721233686,-11.45614685,
0.9742184621,-11.53540981,
0.9763135556,-11.60854635,
0.978408649,-11.67551765,
0.9805037425,-11.73628812,
0.982598836,-11.7908255,
0.9846939294,-11.83910082,
0.9867890229,-11.88108844,
0.9888841164,-11.91676607,
0.9909792098,-11.94611475,
0.9930743033,-11.96911889,
0.9951693968,-11.98576629,
0.9972644902,-11.9960481,
0.9993595837,-11.99995885,
1.001454677,-11.99749647,
1.003549771,-11.98866228,
1.005644864,-11.97346095,
1.007739958,-11.95190057,
1.009835051,-11.92399258,
1.011930145,-11.88975181,
1.014025238,-11.84919644,
1.016120331,-11.80234801,
1.018215425,-11.7492314,
1.020310518,-11.68987482,
1.022405612,-11.6243098,
1.024500705,-11.55257116,
1.026595799,-11.47469699,
1.028690892,-11.39072865,
1.030785986,-11.30071075,
1.032881079,-11.20469109,
1.034976173,-11.10272066,
1.037071266,-10.99485362,
1.03916636,-10.88114726,
1.041261453,-10.76166197,
1.043356547,-10.6364612,
1.04545164,-10.50561145,
1.047546733,-10.36918221,
1.049641827,-10.22724595,
1.05173692,-10.07987803,
1.053832014,-9.927156736,
1.055927107,-9.769163167,
1.058022201,-9.605981235,
1.060117294,-9.437697607,
1.062212388,-9.264401655,
1.064307481,-9.086185418,
1.066402575,-8.903143545,
1.068497668,-8.715373249,
1.070592762,-8.522974254,
1.072687855,-8.326048742,
1.074782949,-8.124701299,
1.076878042,-7.919038862,
1.078973135,-7.709170655,
1.081068229,-7.495208139,
1.083163322,-7.277264948,
1.085258416,-7.055456832,
1.087353509,-6.829901592,
1.089448603,-6.600719019,
1.091543696,-6.368030831,
1.09363879,-6.131960608,
1.095733883,-5.892633726,
1.097828977,-5.65017729,
1.09992407,-5.404720068,
1.102019164,-5.156392422,
1.104114257,-4.905326237,
1.106209351,-4.651654852,
1.108304444,-4.395512994,
1.110399537,-4.137036696,
1.112494631,-3.876363235,
1.114589724,-3.613631053,
1.116684818,-3.348979686,
1.118779911,-3.08254969,
1.120875005,-2.814482565,
1.122970098,-2.54492068,
1.125065192,-2.274007197,
1.127160285,-2.001885999,
1.129255379,-1.728701607,
1.131350472,-1.454599109,
1.133445566,-1.179724079,
1.135540659,-0.9042225024,
1.137635753,-0.628240697,
1.139730846,-0.3519252357,
1.141825939,-0.07542286821,
1.143921033,0.201119556,
1.146016126,0.4775551664,
1.14811122,0.7537371493,
1.150206313,1.029518825,
1.152301407,1.304753728,
1.1543965,1.579295682,
1.156491594,1.852998878,
1.158586687,2.125717954,
1.160681781,2.39730807,
1.162776874,2.667624985,
1.164871968,2.936525136,
1.166967061,3.20386571,
1.169062155,3.469504724,
1.171157248,3.733301099,
1.173252341,3.995114732,
1.175347435,4.254806576,
1.177442528,4.512238711,
1.179537622,4.767274413,
1.181632715,5.019778236,
1.183727809,5.269616075,
1.185822902,5.516655242,
1.187917996,5.760764537,
1.190013089,6.001814313,
1.192108183,6.23967655,
1.194203276,6.47422492,
1.19629837,6.705334856,
1.198393463,6.932883616,
1.200488557,7.15675035,
1.20258365,7.376816163,
1.204678743,7.592964179,
1.206773837,7.805079604,
1.20886893,8.013049782,
1.210964024,8.216764262,
1.213059117,8.416114853,
1.215154211,8.610995679,
1.217249304,8.801303241,
1.219344398,8.986936466,
1.221439491,9.167796767,
1.223534585,9.343788088,
1.225629678,9.514816962,
1.227724772,9.680792555,
1.229819865,9.841626719,
1.231914959,9.997234035,
1.234010052,10.14753186,
1.236105145,10.29244038,
1.238200239,10.43188262,
1.240295332,10.56578453,
1.242390426,10.69407499,
1.244485519,10.81668588,
1.246580613,10.93355207,
1.248675706,11.04461149,
1.2507708,11.14980517,
1.252865893,11.24907723,
1.254960987,11.34237495,
1.25705608,11.42964878,
1.259151174,11.51085237,
1.261246267,11.5859426,
1.263341361,11.65487958,
1.265436454,11.7176267,
1.267531547,11.77415064,
1.269626641,11.82442137,
1.271721734,11.8684122,
1.273816828,11.90609977,
1.275911921,11.93746405,
1.278007015,11.9624884,
1.280102108,11.98115952,
1.282197202,11.99346749,
1.284292295,11.99940579,
1.286387389,11.99897125,
1.288482482,11.9921641,
1.290577576,11.97898796,
1.292672669,11.95944983,
1.294767763,11.93356009,
1.296862856,11.90133248,
1.298957949,11.86278413,
1.301053043,11.8179355,
1.303148136,11.76681041,
1.30524323,11.70943601,
1.307338323,11.64584278,
1.309433417,11.5760645,
1.31152851,11.50013821,
1.313623604,11.41810424,
1.315718697,11.33000617,
1.317813791,11.23589078,
1.319908884,11.13580805,
1.322003978,11.02981114,
1.324099071,10.91795634,
1.326194165,10.80030306,
1.328289258,10.67691379,
1.330384351,10.54785405,
1.332479445,10.41319238,
1.334574538,10.27300031,
1.336669632,10.1273523,
1.338764725,9.976325687,
1.340859819,9.82000069,
1.342954912,9.658460331,
1.345050006,9.491790403,
1.347145099,9.320079424,
1.349240193,9.143418589,
1.351335286,8.961901722,
1.35343038,8.775625226,
1.355525473,8.584688031,
1.357620567,8.389191543,
1.35971566,8.18923959,
1.361810753,7.984938365,
1.363905847,7.776396373,
1.36600094,7.563724368,
1.368096034,7.3470353,
1.370191127,7.126444251,
1.372286221,6.902068378,
1.374381314,6.674026844,
1.376476408,6.442440761,
1.378571501,6.207433125,
1.380666595,5.969128747,
1.382761688,5.727654188,
1.384856782,5.483137696,
1.386951875,5.235709132,
1.389046969,4.985499904,
1.391142062,4.732642898,
1.393237155,4.477272404,
1.395332249,4.21952405,
1.397427342,3.959534723,
1.399522436,3.697442504,
1.401617529,3.433386588,
1.403712623,3.167507214,
1.405807716,2.899945591,
1.40790281,2.630843818,
1.409997903,2.360344815,
1.412092997,2.088592242,
1.41418809,1.815730427,
1.416283184,1.541904284,
1.418378277,1.267259243,
1.420473371,0.9919411654,
1.422568464,0.7160962718,
1.424663557,0.4398710625,
1.426758651,0.1634122394,
1.428853744,-0.1131333712,
1.430948838,-0.3896188972,
1.433043931,-0.6658974981,
1.435139025,-0.9418224437,
1.437234118,-1.217247191,
1.439329212,-1.492025464,
1.441424305,-1.766011327,
1.443519399,-2.03905927,
1.445614492,-2.311024276,
1.447709586,-2.581761907,
1.449804679,-2.851128375,
1.451899773,-3.11898062,
1.453994866,-3.385176388,
1.456089959,-3.649574302,
1.458185053,-3.912033942,
1.460280146,-4.172415916,
1.46237524,-4.430581938,
1.464470333,-4.686394896,
1.466565427,-4.939718929,
1.46866052,-5.190419497,
1.470755614,-5.438363455,
1.472850707,-5.68341912,
1.474945801,-5.925456344,
1.477040894,-6.164346583,
1.479135988,-6.399962963,
1.481231081,-6.632180348,
1.483326175,-6.86087541,
1.485421268,-7.085926689,
1.487516361,-7.307214661,
1.489611455,-7.524621801,
1.491706548,-7.738032646,
1.493801642,-7.947333853,
1.495896735,-8.152414264,
1.497991829,-8.35316496,
1.500086922,-8.549479325,
1.502182016,-8.741253097,
1.504277109,-8.928384425,
1.506372203,-9.110773924,
1.508467296,-9.288324729,
1.51056239,-9.460942543,
1.512657483,-9.628535688,
1.514752577,-9.791015158,
1.51684767,-9.94829466,
1.518942763,-10.10029066,
1.521037857,-10.24692244,
1.52313295,-10.38811212,
1.525228044,-10.52378472,
1.527323137,-10.65386818,
1.529418231,-10.77829341,
1.531513324,-10.89699434,
1.533608418,-11.00990792,
1.535703511,-11.11697418,
1.537798605,-11.21813626,
1.539893698,-11.31334043,
1.541988792,-11.40253613,
1.544083885,-11.485676,
1.546178979,-11.56271587,
1.548274072,-11.63361483,
1.550369165,-11.69833522,
1.552464259,-11.75684267,
1.554559352,-11.80910612,
1.556654446,-11.85509779,
1.558749539,-11.89479328,
1.560844633,-11.92817148,
1.562939726,-11.95521468,
1.56503482,-11.97590852,
1.567129913,-11.990242,
1.569225007,-11.99820752,
1.5713201,-11.99980083,
1.573415194,-11.9950211,
1.575510287,-11.98387086,
1.577605381,-11.96635604,
1.579700474,-11.94248594,
1.581795567,-11.91227322,
1.583890661,-11.87573395,
1.585985754,-11.83288753,
1.588080848,-11.78375671,
1.590175941,-11.72836758,
1.592271035,-11.66674957,
1.594366128,-11.59893539,
1.596461222,-11.52496107,
1.598556315,-11.44486588,
1.600651409,-11.35869238,
1.602746502,-11.26648631,
1.604841596,-11.16829667,
1.606936689,-11.06417559,
1.609031783,-10.95417837,
1.611126876,-10.83836343,
1.613221969,-10.71679228,
1.615317063,-10.58952948,
1.617412156,-10.45664263,
1.61950725,-10.3182023,
1.621602343,-10.17428202,
1.623697437,-10.02495821,
1.62579253,-9.870310191,
1.627887624,-9.71042009,
1.629982717,-9.545372825,
1.632077811,-9.375256052,
1.634172904,-9.200160118,
1.636267998,-9.020178017,
1.638363091,-8.835405336,
1.640458185,-8.645940208,
1.642553278,-8.451883257,
1.644648372,-8.253337544,
1.646743465,-8.050408518,
1.648838558,-7.843203953,
1.650933652,-7.631833895,
1.653028745,-7.416410601,
1.655123839,-7.197048481,
1.657218932,-6.973864038,
1.659314026,-6.746975805,
1.661409119,-6.516504281,
1.663504213,-6.282571868,
1.665599306,-6.045302806,
1.6676944,-5.804823109,
1.669789493,-5.561260495,
1.671884587,-5.314744317,
1.67397968,-5.065405501,
1.676074774,-4.813376468,
1.678169867,-4.558791071,
1.68026496,-4.301784519,
1.682360054,-4.042493307,
1.684455147,-3.781055143,
1.686550241,-3.517608876,
1.688645334,-3.252294421,
1.690740428,-2.985252686,
1.692835521,-2.716625496,
1.694930615,-2.446555517,
1.697025708,-2.175186182,
1.699120802,-1.902661615,
1.701215895,-1.629126552,
1.703310989,-1.354726267,
1.705406082,-1.079606492,
1.707501176,-0.8039133421,
1.709596269,-0.5277932374,
1.711691362,-0.251392824,
1.713786456,0.02514110321,
1.715881549,0.301661678,
1.717976643,0.5780220416,
1.720071736,0.85407542,
1.72216683,1.129675202,
1.724261923,1.404675019,
1.726357017,1.678928818,
1.72845211,1.952290946,
1.730547204,2.224616219,
1.732642297,2.495760008,
1.734737391,2.765578309,
1.736832484,3.033927823,
1.738927578,3.30066603,
1.741022671,3.565651266,
1.743117764,3.8287428,
1.745212858,4.089800905,
1.747307951,4.348686933,
1.749403045,4.605263391,
1.751498138,4.859394012,
1.753593232,5.11094383,
1.755688325,5.359779245,
1.757783419,5.605768105,
1.759878512,5.848779763,
1.761973606,6.088685159,
1.764068699,6.325356879,
1.766163793,6.558669227,
1.768258886,6.788498294,
1.77035398,7.014722016,
1.772449073,7.237220249,
1.774544166,7.455874823,
1.77663926,7.670569613,
1.778734353,7.881190595,
1.780829447,8.087625909,
1.78292454,8.289765917,
1.785019634,8.487503265,
1.787114727,8.680732935,
1.789209821,8.869352303,
1.791304914,9.053261195,
1.793400008,9.232361936,
1.795495101,9.406559408,
1.797590195,9.575761094,
1.799685288,9.739877133,
1.801780382,9.898820363,
1.803875475,10.05250637,
1.805970568,10.20085353,
1.808065662,10.34378306,
1.810160755,10.48121905,
1.812255849,10.61308851,
1.814350942,10.7393214,
1.816446036,10.85985068,
1.818541129,10.97461234,
1.820636223,11.08354542,
1.822731316,11.18659208,
1.82482641,11.28369759,
1.826921503,11.37481037,
1.829016597,11.45988204,
1.83111169,11.53886741,
1.833206784,11.61172453,
1.835301877,11.67841472,
1.83739697,11.73890254,
1.839492064,11.79315589,
1.841587157,11.84114594,
1.843682251,11.8828472,
1.845777344,11.91823753,
1.847872438,11.94729813,
1.849967531,11.97001358,
1.852062625,11.9863718,
1.854157718,11.9963641,
1.856252812,11.99998519,
1.858347905,11.99723313,
1.860442999,11.98810939,
1.862538092,11.97261881,
1.864633186,11.95076963,
1.866728279,11.92257344,
1.868823372,11.88804522,
1.870918466,11.84720331,
1.873013559,11.8000694,
1.875108653,11.74666852,
1.877203746,11.68702903,
1.87929884,11.62118261,
1.881393933,11.54916423,
1.883489027,11.47101213,
1.88558412,11.38676782,
1.887679214,11.29647605,
1.889774307,11.20018477,
1.891869401,11.09794511,
1.893964494,10.98981138,
1.896059588,10.87584101,
1.898154681,10.75609452,
1.900249774,10.63063552,
1.902344868,10.49953063,
1.904439961,10.36284948,
1.906535055,10.22066466,
1.908630148,10.07305169,
1.910725242,9.920088964,
1.912820335,9.761857719,
1.914915429,9.598441991,
1.917010522,9.42992857,
1.919105616,9.256406953,
1.921200709,9.077969296,
1.923295803,8.894710366,
1.925390896,8.706727493,
1.92748599,8.514120511,
1.929581083,8.316991716,
1.931676176,8.1154458,
1.93377127,7.909589804,
1.935866363,7.699533057,
1.937961457,7.48538712,
1.94005655,7.267265724,
1.942151644,7.045284714,
1.944246737,6.819561981,
1.946341831,6.590217407,
1.948436924,6.357372796,
1.950532018,6.12115181,
1.952627111,5.881679905,
1.954722205,5.639084264,
1.956817298,5.393493728,
1.958912392,5.14503873,
1.961007485,4.893851223,
1.963102578,4.640064612,
1.965197672,4.383813681,
1.967292765,4.125234525,
1.969387859,3.864464474,
1.971482952,3.601642021,
1.973578046,3.336906752,
1.975673139,3.070399264,
1.977768233,2.8022611,
1.979863326,2.532634667,
1.98195842,2.261663162,
1.984053513,1.989490497,
1.986148607,1.716261221,
1.9882437,1.442120446,
1.990338794,1.167213767,
1.992433887,0.8916871858,
1.99452898,0.6156870328,
1.996624074,0.3393598911,
1.998719167,0.06285251662,
2.000814261,-0.2136882385,
2.002909354,-0.4901155047,
2.005004448,-0.7662824726,
2.007099541,-1.042042471,
2.009194635,-1.317249045,
2.011289728,-1.591756033,
2.013384822,-1.865417646,
2.015479915,-2.138088544,
2.017575009,-2.409623911,
2.019670102,-2.679879537,
2.021765196,-2.94871189,
2.023860289,-3.215978195,
2.025955382,-3.481536506,
2.028050476,-3.745245787,
2.030145569,-4.006965984,
2.032240663,-4.266558098,
2.034335756,-4.52388426,
2.03643085,-4.778807806,
2.038525943,-5.031193346,
2.040621037,-5.28090684,
2.04271613,-5.527815667,
2.044811224,-5.771788693,
2.046906317,-6.012696345,
2.049001411,-6.250410679,
2.051096504,-6.484805446,
2.053191598,-6.715756159,
2.055286691,-6.943140162,
2.057381784,-7.166836691,
2.059476878,-7.386726942,
2.061571971,-7.602694133,
2.063667065,-7.814623565,
2.065762158,-8.022402681,
2.067857252,-8.225921133,
2.069952345,-8.425070831,
2.072047439,-8.619746009,
2.074142532,-8.809843275,
2.076237626,-8.99526167,
2.078332719,-9.175902717,
2.080427813,-9.351670481,
2.082522906,-9.52247161,
2.084618,-9.688215394,
2.086713093,-9.848813806,
2.088808186,-10.00418155,
2.09090328,-10.15423612,
2.092998373,-10.29889782,
2.095093467,-10.43808981,
2.09718856,-10.57173817,
2.099283654,-10.69977193,
2.101378747,-10.82212308,
2.103473841,-10.93872665,
2.105568934,-11.04952071,
2.107664028,-11.15444641,
2.109759121,-11.25344803,
2.111854215,-11.34647299,
2.113949308,-11.43347188,
2.116044402,-11.5143985,
2.118139495,-11.58920988,
2.120234588,-11.65786627,
2.122329682,-11.72033121,
2.124424775,-11.77657154,
2.126519869,-11.82655738,
2.128614962,-11.87026218,
2.130710056,-11.90766273,
2.132805149,-11.93873918,
2.134900243,-11.963475,
2.136995336,-11.98185708,
2.13909043,-11.99387564,
2.141185523,-11.9995243,
2.143280617,-11.99880006,
2.14537571,-11.99170331,
2.147470804,-11.97823782,
2.149565897,-11.95841073,
2.15166099,-11.93223258,
2.153756084,-11.89971727,
2.155851177,-11.86088207,
2.157946271,-11.8157476,
2.160041364,-11.76433783,
2.162136458,-11.70668008,
2.164231551,-11.64280496,
2.166326645,-11.57274638,
2.168421738,-11.49654158,
2.170516832,-11.414231,
2.172611925,-11.32585837,
2.174707019,-11.23147063,
2.176802112,-11.1311179,
2.178897206,-11.02485348,
2.180992299,-10.9127338,
2.183087392,-10.79481841,
2.185182486,-10.67116994,
2.187277579,-10.54185406,
2.189372673,-10.40693944,
2.191467766,-10.26649774,
2.19356286,-10.12060354,
2.195657953,-9.969334332,
2.197753047,-9.812770451,
2.19984814,-9.650995048,
2.201943234,-9.484094041,
2.204038327,-9.31215607,
2.206133421,-9.135272451,
2.208228514,-8.953537127,
2.210323608,-8.767046615,
2.212418701,-8.575899961,
2.214513794,-8.380198682,
2.216608888,-8.180046713,
2.218703981,-7.975550355,
2.220799075,-7.766818215,
2.222894168,-7.55396115,
2.224989262,-7.337092206,
2.227084355,-7.116326563,
2.229179449,-6.891781469,
2.231274542,-6.663576177,
2.233369636,-6.431831887,
2.235464729,-6.196671678,
2.237559823,-5.958220441,
2.239654916,-5.716604819,
2.24175001,-5.47195313,
2.243845103,-5.22439531,
2.245940196,-4.974062835,
2.24803529,-4.721088656,
2.250130383,-4.465607125,
2.252225477,-4.207753929,
2.25432057,-3.947666013,
2.256415664,-3.685481506,
2.258510757,-3.421339656,
2.260605851,-3.155380746,
2.262700944,-2.887746027,
2.264796038,-2.618577637,
2.266891131,-2.348018532,
2.268986225,-2.076212403,
2.271081318,-1.803303607,
2.273176412,-1.529437083,
2.275271505,-1.254758282,
2.277366599,-0.9794130833,
2.279461692,-0.7035477227,
2.281556785,-0.4273087107,
2.283651879,-0.1508427569,
2.285746972,0.125703309,
2.287842066,0.4021826143,
2.289937159,0.6784483221,
2.292032253,0.9543537087,
2.294127346,1.229752242,
2.29622244,1.504497659,
2.298317533,1.778444043,
2.300412627,2.051445903,
2.30250772,2.323358249,
2.304602814,2.594036668,
2.306697907,2.863337406,
2.308793001,3.131117436,
2.310888094,3.397234543,
2.312983187,3.661547392,
2.315078281,3.923915609,
2.317173374,4.18419985,
2.319268468,4.44226188,
2.321363561,4.697964642,
2.323458655,4.951172335,
2.325553748,5.20175048,
2.327648842,5.449565997,
2.329743935,5.694487272,
2.331839029,5.936384228,
2.333934122,6.175128395,
2.336029216,6.410592976,
2.338124309,6.642652918,
2.340219403,6.871184973,
2.342314496,7.096067771,
2.344409589,7.317181876,
2.346504683,7.534409856,
2.348599776,7.747636341,
2.35069487,7.956748088,
2.352789963,8.16163404,
2.354885057,8.36218538,
2.35698015,8.558295599,
2.359075244,8.749860541,
2.361170337,8.936778469,
2.363265431,9.11895011,
2.365360524,9.296278714,
2.367455618,9.468670102,
2.369550711,9.636032718,
2.371645805,9.798277677,
2.373740898,9.955318811,
2.375835991,10.10707272,
2.377931085,10.2534588,
2.380026178,10.39439931,
2.382121272,10.52981939,
2.384216365,10.65964714,
2.386311459,10.78381358,
2.388406552,10.90225279,
2.390501646,11.01490186,
2.392596739,11.12170096,
2.394691833,11.22259336,
2.396786926,11.3175255,
2.39888202,11.40644694,
2.400977113,11.48931047,
2.403072207,11.56607207,
2.4051673,11.63669097,
2.407262393,11.70112968,
2.409357487,11.75935397,
2.41145258,11.81133291,
2.413547674,11.8570389,
2.415642767,11.89644766,
2.417737861,11.92953827,
2.419832954,11.95629315,
2.421928048,11.9766981,
2.424023141,11.99074226,
2.426118235,11.9984182,
2.428213328,11.99972182,
2.430308422,11.99465244,
2.432403515,11.98321275,
2.434498609,11.96540882,
2.436593702,11.94125012,
2.438688795,11.91074946,
2.440783889,11.87392306,
2.442878982,11.83079046,
2.444974076,11.78137458,
2.447069169,11.72570166,
2.449164263,11.66380127,
2.451259356,11.59570628,
2.45335445,11.52145285,
2.455449543,11.44108043,
2.457544637,11.3546317,
2.45963973,11.26215258,
2.461734824,11.16369216,
2.463829917,11.05930276,
2.465925011,10.94903981,
2.468020104,10.83296187,
2.470115197,10.71113058,
2.472210291,10.58361066,
2.474305384,10.45046982,
2.476400478,10.31177879,
2.478495571,10.16761121,
2.480590665,10.01804365,
2.482685758,9.86315555,
2.484780852,9.70302917,
2.486875945,9.53774955,
2.488971039,9.367404471,
2.491066132,9.192084402,
2.493161226,9.011882454,
2.495256319,8.826894333,
2.497351413,8.637218283,
2.499446506,8.442955043,
2.501541599,8.244207784,
2.503636693,8.04108206,
2.505731786,7.83368575,
2.50782688,7.622129002,
2.509921973,7.406524172,
2.512017067,7.186985767,
2.51411216,6.963630384,
2.516207254,6.736576645,
2.518302347,6.505945138,
2.520397441,6.27185835,
2.522492534,6.034440604,
2.524587628,5.793817991,
2.526682721,5.550118305,
2.528777815,5.303470974,
2.530872908,5.054006991,
2.532968001,4.801858846,
2.535063095,4.547160453,
2.537158188,4.290047082,
2.539253282,4.030655285,
2.541348375,3.769122823,
2.543443469,3.505588595,
2.545538562,3.240192563,
2.547633656,2.973075679,
2.549728749,2.704379806,
2.551823843,2.434247648,
2.553918936,2.162822672,
2.55601403,1.890249028,
2.558109123,1.616671482,
2.560204217,1.342235328,
2.56229931,1.067086318,
2.564394403,0.7913705827,
2.566489497,0.515234554,
2.56858459,0.2388248863,
2.570679684,-0.03771162033,
2.572774777,-0.3142280985,
2.574869871,-0.5905776913,
2.576964964,-0.8666136308,
2.579060058,-1.142189315,
2.581155151,-1.417158388,
2.583250245,-1.691374813,
2.585345338,-1.964692956,
2.587440432,-2.236967659,
2.589535525,-2.508054318,
2.591630619,-2.777808959,
2.593725712,-3.046088317,
2.595820805,-3.31274991,
2.597915899,-3.577652115,
2.600010992,-3.840654244,
2.602106086,-4.101616617,
2.604201179,-4.360400638,
2.606296273,-4.616868868,
2.608391366,-4.870885099,
2.61048646,-5.122314422,
2.612581553,-5.371023304,
2.614676647,-5.616879659,
2.61677174,-5.859752911,
2.618866834,-6.099514073,
2.620961927,-6.336035808,
2.623057021,-6.5691925,
2.625152114,-6.798860321,
2.627247207,-7.024917295,
2.629342301,-7.247243364,
2.631437394,-7.465720452,
2.633532488,-7.680232526,
2.635627581,-7.89066566,
2.637722675,-8.096908094,
2.639817768,-8.298850294,
2.641912862,-8.496385008,
2.644007955,-8.689407326,
2.646103049,-8.877814736,
2.648198142,-9.061507175,
2.650293236,-9.240387084,
2.652388329,-9.414359462,
2.654483423,-9.583331912,
2.656578516,-9.747214694,
2.658673609,-9.90592077,
2.660768703,-10.05936585,
2.662863796,-10.20746845,
2.66495889,-10.35014989,
2.667053983,-10.48733442,
2.669149077,-10.61894917,
2.67124417,-10.74492423,
2.673339264,-10.86519272,
2.675434357,-10.97969074,
2.677529451,-11.08835749,
2.679624544,-11.19113526,
2.681719638,-11.28796947,
2.683814731,-11.37880868,
2.685909825,-11.46360465,
2.688004918,-11.54231235,
2.690100011,-11.61488997,
2.692195105,-11.68129898,
2.694290198,-11.74150409,
2.696385292,-11.79547334,
2.698480385,-11.84317806,
2.700575479,-11.88459292,
2.702670572,-11.91969591,
2.704765666,-11.94846841,
2.706860759,-11.97089513,
2.708955853,-11.98696415,
2.711050946,-11.99666694,
2.71314604,-11.99999835,
2.715241133,-11.99695662,
2.717336227,-11.98754335,
2.71943132,-11.97176354,
2.721526413,-11.94962558,
2.723621507,-11.92114122,
2.7257166,-11.88632559,
2.727811694,-11.84519718,
2.729906787,-11.79777784,
2.732001881,-11.74409275,
2.734096974,-11.68417041,
2.736192068,-11.61804266,
2.738287161,-11.54574462,
2.740382255,-11.46731468,
2.742477348,-11.38279449,
2.744572442,-11.29222895,
2.746667535,-11.19566616,
2.748762629,-11.09315739,
2.750857722,-10.98475709,
2.752952815,-10.87052283,
2.755047909,-10.75051528,
2.757143002,-10.62479817,
2.759238096,-10.49343828,
2.761333189,-10.35650537,
2.763428283,-10.21407216,
2.765523376,-10.06621429,
2.76761847,-9.913010306,
2.769713563,-9.754541558,
2.771808657,-9.590892214,
2.77390375,-9.422149186,
2.775998844,-9.248402093,
2.778093937,-9.069743212,
2.780189031,-8.886267427,
2.782284124,-8.698072182,
2.784379217,-8.505257426,
2.786474311,-8.307925563,
2.788569404,-8.106181395,
2.790664498,-7.900132067,
2.792759591,-7.689887011,
2.794854685,-7.475557888,
2.796949778,-7.257258526,
2.799044872,-7.035104864,
2.801139965,-6.809214887,
2.803235059,-6.579708564,
2.805330152,-6.346707784,
2.807425246,-6.110336294,
2.809520339,-5.870719629,
2.811615433,-5.627985049,
2.813710526,-5.382261469,
2.815805619,-5.133679393,
2.817900713,-4.88237084,
2.819995806,-4.62846928,
2.8220909,-4.372109559,
2.824185993,-4.113427828,
2.826281087,-3.852561473,
2.82837618,-3.589649038,
2.830471274,-3.324830155,
2.832566367,-3.058245469,
2.834661461,-2.79003656,
2.836756554,-2.520345875,
2.838851648,-2.249316645,
2.840946741,-1.977092811,
2.843041835,-1.703818952,
2.845136928,-1.429640201,
2.847232021,-1.154702175,
2.849327115,-0.8791508907,
2.851422208,-0.603132693,
2.853517302,-0.3267941741,
2.855612395,-0.05028209607,
2.857707489,0.2262566865,
2.859802582,0.5026753052,
2.861897676,0.778826955,
2.863992769,1.054564973,
2.866087863,1.329742916,
2.868182956,1.604214638,
2.87027805,1.877834368,
2.872373143,2.150456788,
2.874468237,2.421937109,
2.87656333,2.692131149,
2.878658423,2.960895409,
2.880753517,3.22808715,
2.88284861,3.493564467,
2.884943704,3.757186367,
2.887038797,4.01881284,
2.889133891,4.278304937,
2.891228984,4.535524845,
2.893324078,4.790335954,
2.895419171,5.042602935,
2.897514265,5.292191811,
2.899609358,5.538970025,
2.901704452,5.782806515,
2.903799545,6.02357178,
2.905894639,6.26113795,
2.907989732,6.495378856,
2.910084825,6.726170093,
2.912179919,6.953389088,
2.914275012,7.176915167,
2.916370106,7.396629615,
2.918465199,7.612415744,
2.920560293,7.82415895,
2.922655386,8.031746777,
2.92475048,8.235068977,
2.926845573,8.434017565,
2.928940667,8.628486881,
2.93103576,8.818373642,
2.933130854,9.003577002,
2.935225947,9.183998599,
2.937321041,9.359542611,
2.939416134,9.530115809,
2.941511228,9.695627602,
2.943606321,9.855990086,
2.945701414,10.01111809,
2.947796508,10.16092924,
2.949891601,10.30534396,
2.951986695,10.44428555,
2.954081788,10.57768022,
2.956176882,10.70545713,
2.958271975,10.82754842,
2.960367069,10.94388924,
2.962462162,11.0544178,
2.964557256,11.15907541,
2.966652349,11.25780648,
2.968747443,11.35055857,
2.970842536,11.43728243,
2.97293763,11.517932,
2.975032723,11.59246444,
2.977127816,11.66084017,
2.97922291,11.72302287,
2.981318003,11.77897952,
2.983413097,11.82868041,
2.98550819,11.87209913,
2.987603284,11.90921263,
2.989698377,11.9400012,
2.991793471,11.96444848,
2.993888564,11.98254149,
2.995983658,11.99427062,
2.998078751,11.99962964,
3.000173845,11.99861571,
3.002268938,11.99122937,
3.004364032,11.97747453,
3.006459125,11.9573585,
3.008554218,11.93089197,
3.010649312,11.89808899,
3.012744405,11.85896699,
3.014839499,11.81354673,
3.016934592,11.76185235,
3.019029686,11.7039113,
3.021124779,11.63975435,
3.023219873,11.56941557,
3.025314966,11.49293233,
3.02741006,11.41034523,
3.029505153,11.32169815,
3.031600247,11.22703816,
3.03369534,11.12641553,
3.035790434,11.01988371,
3.037885527,10.90749928,
3.03998062,10.78932192,
3.042075714,10.66541439,
3.044170807,10.53584251,
3.046265901,10.40067508,
3.048360994,10.2599839,
3.050456088,10.11384368,
3.052551181,9.962332038,
3.054646275,9.805529444,
3.056741368,9.643519174,
3.058836462,9.476387271,
3.060931555,9.304222497,
3.063026649,9.127116288,
3.065121742,8.945162706,
3.067216836,8.758458384,
3.069311929,8.56710248,
3.071407022,8.371196624,
3.073502116,8.170844859,
3.075597209,7.966153593,
3.077692303,7.757231534,
3.079787396,7.544189642,
3.08188249,7.327141061,
3.083977583,7.106201066,
3.086072677,6.881486997,
3.08816777,6.653118198,
3.090262864,6.421215955,
3.092357957,6.18590343,
3.094453051,5.947305598,
3.096548144,5.705549176,
3.098643238,5.46076256,
3.100738331,5.213075756,
3.102833424,4.962620308,
3.104928518,4.709529233,
3.107023611,4.453936946,
3.109118705,4.195979192,
3.111213798,3.93579297,
3.113308892,3.673516465,
3.115403985,3.40928897,
3.117499079,3.143250816,
3.119594172,2.875543294,
3.121689266,2.606308583,
3.123784359,2.335689672,
3.125879453,2.063830286,
3.127974546,1.790874808,
3.13006964,1.516968203,
3.132164733,1.242255943,
3.134259826,0.9668839265,
3.13635492,0.6909984015,
3.138450013,0.4147458901,
3.140545107,0.1382731088,
3.1426402,-0.1382731088,
3.144735294,-0.4147458901,
3.146830387,-0.6909984015,
3.148925481,-0.9668839265,
3.151020574,-1.242255943,
3.153115668,-1.516968203,
3.155210761,-1.790874808,
3.157305855,-2.063830286,
3.159400948,-2.335689672,
3.161496042,-2.606308583,
3.163591135,-2.875543294,
3.165686228,-3.143250816,
3.167781322,-3.40928897,
3.169876415,-3.673516465,
3.171971509,-3.93579297,
3.174066602,-4.195979192,
3.176161696,-4.453936946,
3.178256789,-4.709529233,
3.180351883,-4.962620308,
3.182446976,-5.213075756,
3.18454207,-5.46076256,
3.186637163,-5.705549176,
3.188732257,-5.947305598,
3.19082735,-6.18590343,
3.192922444,-6.421215955,
3.195017537,-6.653118198,
3.19711263,-6.881486997,
3.199207724,-7.106201066,
3.201302817,-7.327141061,
3.203397911,-7.544189642,
3.205493004,-7.757231534,
3.207588098,-7.966153593,
3.209683191,-8.170844859,
3.211778285,-8.371196624,
3.213873378,-8.56710248,
3.215968472,-8.758458384,
3.218063565,-8.945162706,
3.220158659,-9.127116288,
3.222253752,-9.304222497,
3.224348846,-9.476387271,
3.226443939,-9.643519174,
3.228539032,-9.805529444,
3.230634126,-9.962332038,
3.232729219,-10.11384368,
3.234824313,-10.2599839,
3.236919406,-10.40067508,
3.2390145,-10.53584251,
3.241109593,-10.66541439,
3.243204687,-10.78932192,
3.24529978,-10.90749928,
3.247394874,-11.01988371,
3.249489967,-11.12641553,
3.251585061,-11.22703816,
3.253680154,-11.32169815,
3.255775248,-11.41034523,
3.257870341,-11.49293233,
3.259965434,-11.56941557,
3.262060528,-11.63975435,
3.264155621,-11.7039113,
3.266250715,-11.76185235,
3.268345808,-11.81354673,
3.270440902,-11.85896699,
3.272535995,-11.89808899,
3.274631089,-11.93089197,
3.276726182,-11.9573585,
3.278821276,-11.97747453,
3.280916369,-11.99122937,
3.283011463,-11.99861571,
3.285106556,-11.99962964,
3.28720165,-11.99427062,
3.289296743,-11.98254149,
3.291391836,-11.96444848,
3.29348693,-11.9400012,
3.295582023,-11.90921263,
3.297677117,-11.87209913,
3.29977221,-11.82868041,
3.301867304,-11.77897952,
3.303962397,-11.72302287,
3.306057491,-11.66084017,
3.308152584,-11.59246444,
3.310247678,-11.517932,
3.312342771,-11.43728243,
3.314437865,-11.35055857,
3.316532958,-11.25780648,
3.318628052,-11.15907541,
3.320723145,-11.0544178,
3.322818238,-10.94388924,
3.324913332,-10.82754842,
3.327008425,-10.70545713,
3.329103519,-10.57768022,
3.331198612,-10.44428555,
3.333293706,-10.30534396,
3.335388799,-10.16092924,
3.337483893,-10.01111809,
3.339578986,-9.855990086,
3.34167408,-9.695627602,
3.343769173,-9.530115809,
3.345864267,-9.359542611,
3.34795936,-9.183998599,
3.350054454,-9.003577002,
3.352149547,-8.818373642,
3.35424464,-8.628486881,
3.356339734,-8.434017565,
3.358434827,-8.235068977,
3.360529921,-8.031746777,
3.362625014,-7.82415895,
3.364720108,-7.612415744,
3.366815201,-7.396629615,
3.368910295,-7.176915167,
3.371005388,-6.953389088,
3.373100482,-6.726170093,
3.375195575,-6.495378856,
3.377290669,-6.26113795,
3.379385762,-6.02357178,
3.381480856,-5.782806515,
3.383575949,-5.538970025,
3.385671042,-5.292191811,
3.387766136,-5.042602935,
3.389861229,-4.790335954,
3.391956323,-4.535524845,
3.394051416,-4.278304937,
3.39614651,-4.01881284,
3.398241603,-3.757186367,
3.400336697,-3.493564467,
3.40243179,-3.22808715,
3.404526884,-2.960895409,
3.406621977,-2.692131149,
3.408717071,-2.421937109,
3.410812164,-2.150456788,
3.412907258,-1.877834368,
3.415002351,-1.604214638,
3.417097444,-1.329742916,
3.419192538,-1.054564973,
3.421287631,-0.778826955,
3.423382725,-0.5026753052,
3.425477818,-0.2262566865,
3.427572912,0.05028209607,
3.429668005,0.3267941741,
3.431763099,0.603132693,
3.433858192,0.8791508907,
3.435953286,1.154702175,
3.438048379,1.429640201,
3.440143473,1.703818952,
3.442238566,1.977092811,
3.44433366,2.249316645,
3.446428753,2.520345875,
3.448523846,2.79003656,
3.45061894,3.058245469,
3.452714033,3.324830155,
3.454809127,3.589649038,
3.45690422,3.852561473,
3.458999314,4.113427828,
3.461094407,4.372109559,
3.463189501,4.62846928,
3.465284594,4.88237084,
3.467379688,5.133679393,
3.469474781,5.382261469,
3.471569875,5.627985049,
3.473664968,5.870719629,
3.475760062,6.110336294,
3.477855155,6.346707784,
3.479950248,6.579708564,
3.482045342,6.809214887,
3.484140435,7.035104864,
3.486235529,7.257258526,
3.488330622,7.475557888,
3.490425716,7.689887011,
3.492520809,7.900132067,
3.494615903,8.106181395,
3.496710996,8.307925563,
3.49880609,8.505257426,
3.500901183,8.698072182,
3.502996277,8.886267427,
3.50509137,9.069743212,
3.507186464,9.248402093,
3.509281557,9.422149186,
3.51137665,9.590892214,
3.513471744,9.754541558,
3.515566837,9.913010306,
3.517661931,10.06621429,
3.519757024,10.21407216,
3.521852118,10.35650537,
3.523947211,10.49343828,
3.526042305,10.62479817,
3.528137398,10.75051528,
3.530232492,10.87052283,
3.532327585,10.98475709,
3.534422679,11.09315739,
3.536517772,11.19566616,
3.538612866,11.29222895,
3.540707959,11.38279449,
3.542803052,11.46731468,
3.544898146,11.54574462,
3.546993239,11.61804266,
3.549088333,11.68417041,
3.551183426,11.74409275,
3.55327852,11.79777784,
3.555373613,11.84519718,
3.557468707,11.88632559,
3.5595638,11.92114122,
3.561658894,11.94962558,
3.563753987,11.97176354,
3.565849081,11.98754335,
3.567944174,11.99695662,
3.570039268,11.99999835,
3.572134361,11.99666694,
3.574229455,11.98696415,
3.576324548,11.97089513,
3.578419641,11.94846841,
3.580514735,11.91969591,
3.582609828,11.88459292,
3.584704922,11.84317806,
3.586800015,11.79547334,
3.588895109,11.74150409,
3.590990202,11.68129898,
3.593085296,11.61488997,
3.595180389,11.54231235,
3.597275483,11.46360465,
3.599370576,11.37880868,
3.60146567,11.28796947,
3.603560763,11.19113526,
3.605655857,11.08835749,
3.60775095,10.97969074,
3.609846043,10.86519272,
3.611941137,10.74492423,
3.61403623,10.61894917,
3.616131324,10.48733442,
3.618226417,10.35014989,
3.620321511,10.20746845,
3.622416604,10.05936585,
3.624511698,9.90592077,
3.626606791,9.747214694,
3.628701885,9.583331912,
3.630796978,9.414359462,
3.632892072,9.240387084,
3.634987165,9.061507175,
3.637082259,8.877814736,
3.639177352,8.689407326,
3.641272445,8.496385008,
3.643367539,8.298850294,
3.645462632,8.096908094,
3.647557726,7.89066566,
3.649652819,7.680232526,
3.651747913,7.465720452,
3.653843006,7.247243364,
3.6559381,7.024917295,
3.658033193,6.798860321,
3.660128287,6.5691925,
3.66222338,6.336035808,
3.664318474,6.099514073,
3.666413567,5.859752911,
3.668508661,5.616879659,
3.670603754,5.371023304,
3.672698847,5.122314422,
3.674793941,4.870885099,
3.676889034,4.616868868,
3.678984128,4.360400638,
3.681079221,4.101616617,
3.683174315,3.840654244,
3.685269408,3.577652115,
3.687364502,3.31274991,
3.689459595,3.046088317,
3.691554689,2.777808959,
3.693649782,2.508054318,
3.695744876,2.236967659,
3.697839969,1.964692956,
3.699935063,1.691374813,
3.702030156,1.417158388,
3.704125249,1.142189315,
3.706220343,0.8666136308,
3.708315436,0.5905776913,
3.71041053,0.3142280985,
3.712505623,0.03771162033,
3.714600717,-0.2388248863,
3.71669581,-0.515234554,
3.718790904,-0.7913705827,
3.720885997,-1.067086318,
3.722981091,-1.342235328,
3.725076184,-1.616671482,
3.727171278,-1.890249028,
3.729266371,-2.162822672,
3.731361465,-2.434247648,
3.733456558,-2.704379806,
3.735551651,-2.973075679,
3.737646745,-3.240192563,
3.739741838,-3.505588595,
3.741836932,-3.769122823,
3.743932025,-4.030655285,
3.746027119,-4.290047082,
3.748122212,-4.547160453,
3.750217306,-4.801858846,
3.752312399,-5.054006991,
3.754407493,-5.303470974,
3.756502586,-5.550118305,
3.75859768,-5.793817991,
3.760692773,-6.034440604,
3.762787867,-6.27185835,
3.76488296,-6.505945138,
3.766978053,-6.736576645,
3.769073147,-6.963630384,
3.77116824,-7.186985767,
3.773263334,-7.406524172,
3.775358427,-7.622129002,
3.777453521,-7.83368575,
3.779548614,-8.04108206,
3.781643708,-8.244207784,
3.783738801,-8.442955043,
3.785833895,-8.637218283,
3.787928988,-8.826894333,
3.790024082,-9.011882454,
3.792119175,-9.192084402,
3.794214269,-9.367404471,
3.796309362,-9.53774955,
3.798404455,-9.70302917,
3.800499549,-9.86315555,
3.802594642,-10.01804365,
3.804689736,-10.16761121,
3.806784829,-10.31177879,
3.808879923,-10.45046982,
3.810975016,-10.58361066,
3.81307011,-10.71113058,
3.815165203,-10.83296187,
3.817260297,-10.94903981,
3.81935539,-11.05930276,
3.821450484,-11.16369216,
3.823545577,-11.26215258,
3.825640671,-11.3546317,
3.827735764,-11.44108043,
3.829830857,-11.52145285,
3.831925951,-11.59570628,
3.834021044,-11.66380127,
3.836116138,-11.72570166,
3.838211231,-11.78137458,
3.840306325,-11.83079046,
3.842401418,-11.87392306,
3.844496512,-11.91074946,
3.846591605,-11.94125012,
3.848686699,-11.96540882,
3.850781792,-11.98321275,
3.852876886,-11.99465244,
3.854971979,-11.99972182,
3.857067073,-11.9984182,
3.859162166,-11.99074226,
3.861257259,-11.9766981,
3.863352353,-11.95629315,
3.865447446,-11.92953827,
3.86754254,-11.89644766,
3.869637633,-11.8570389,
3.871732727,-11.81133291,
3.87382782,-11.75935397,
3.875922914,-11.70112968,
3.878018007,-11.63669097,
3.880113101,-11.56607207,
3.882208194,-11.48931047,
3.884303288,-11.40644694,
3.886398381,-11.3175255,
3.888493475,-11.22259336,
3.890588568,-11.12170096,
3.892683661,-11.01490186,
3.894778755,-10.90225279,
3.896873848,-10.78381358,
3.898968942,-10.65964714,
3.901064035,-10.52981939,
3.903159129,-10.39439931,
3.905254222,-10.2534588,
3.907349316,-10.10707272,
3.909444409,-9.955318811,
3.911539503,-9.798277677,
3.913634596,-9.636032718,
3.91572969,-9.468670102,
3.917824783,-9.296278714,
3.919919877,-9.11895011,
3.92201497,-8.936778469,
3.924110063,-8.749860541,
3.926205157,-8.558295599,
3.92830025,-8.36218538,
3.930395344,-8.16163404,
3.932490437,-7.956748088,
3.934585531,-7.747636341,
3.936680624,-7.534409856,
3.938775718,-7.317181876,
3.940870811,-7.096067771,
3.942965905,-6.871184973,
3.945060998,-6.642652918,
3.947156092,-6.410592976,
3.949251185,-6.175128395,
3.951346279,-5.936384228,
3.953441372,-5.694487272,
3.955536465,-5.449565997,
3.957631559,-5.20175048,
3.959726652,-4.951172335,
3.961821746,-4.697964642,
3.963916839,-4.44226188,
3.966011933,-4.18419985,
3.968107026,-3.923915609,
3.97020212,-3.661547392,
3.972297213,-3.397234543,
3.974392307,-3.131117436,
3.9764874,-2.863337406,
3.978582494,-2.594036668,
3.980677587,-2.323358249,
3.982772681,-2.051445903,
3.984867774,-1.778444043,
3.986962867,-1.504497659,
3.989057961,-1.229752242,
3.991153054,-0.9543537087,
3.993248148,-0.6784483221,
3.995343241,-0.4021826143,
3.997438335,-0.125703309,
3.999533428,0.1508427569,
4.001628522,0.4273087107,
4.003723615,0.7035477227,
4.005818709,0.9794130833,
4.007913802,1.254758282,
4.010008896,1.529437083,
4.012103989,1.803303607,
4.014199083,2.076212403,
4.016294176,2.348018532,
4.018389269,2.618577637,
4.020484363,2.887746027,
4.022579456,3.155380746,
4.02467455,3.421339656,
4.026769643,3.685481506,
4.028864737,3.947666013,
4.03095983,4.207753929,
4.033054924,4.465607125,
4.035150017,4.721088656,
4.037245111,4.974062835,
4.039340204,5.22439531,
4.041435298,5.47195313,
4.043530391,5.716604819,
4.045625485,5.958220441,
4.047720578,6.196671678,
4.049815671,6.431831887,
4.051910765,6.663576177,
4.054005858,6.891781469,
4.056100952,7.116326563,
4.058196045,7.337092206,
4.060291139,7.55396115,
4.062386232,7.766818215,
4.064481326,7.975550355,
4.066576419,8.180046713,
4.068671513,8.380198682,
4.070766606,8.575899961,
4.0728617,8.767046615,
4.074956793,8.953537127,
4.077051887,9.135272451,
4.07914698,9.31215607,
4.081242073,9.484094041,
4.083337167,9.650995048,
4.08543226,9.812770451,
4.087527354,9.969334332,
4.089622447,10.12060354,
4.091717541,10.26649774,
4.093812634,10.40693944,
4.095907728,10.54185406,
4.098002821,10.67116994,
4.100097915,10.79481841,
4.102193008,10.9127338,
4.104288102,11.02485348,
4.106383195,11.1311179,
4.108478289,11.23147063,
4.110573382,11.32585837,
4.112668475,11.414231,
4.114763569,11.49654158,
4.116858662,11.57274638,
4.118953756,11.64280496,
4.121048849,11.70668008,
4.123143943,11.76433783,
4.125239036,11.8157476,
4.12733413,11.86088207,
4.129429223,11.89971727,
4.131524317,11.93223258,
4.13361941,11.95841073,
4.135714504,11.97823782,
4.137809597,11.99170331,
4.139904691,11.99880006,
4.141999784,11.9995243,
4.144094877,11.99387564,
4.146189971,11.98185708,
4.148285064,11.963475,
4.150380158,11.93873918,
4.152475251,11.90766273,
4.154570345,11.87026218,
4.156665438,11.82655738,
4.158760532,11.77657154,
4.160855625,11.72033121,
4.162950719,11.65786627,
4.165045812,11.58920988,
4.167140906,11.5143985,
4.169235999,11.43347188,
4.171331093,11.34647299,
4.173426186,11.25344803,
4.175521279,11.15444641,
4.177616373,11.04952071,
4.179711466,10.93872665,
4.18180656,10.82212308,
4.183901653,10.69977193,
4.185996747,10.57173817,
4.18809184,10.43808981,
4.190186934,10.29889782,
4.192282027,10.15423612,
4.194377121,10.00418155,
4.196472214,9.848813806,
4.198567308,9.688215394,
4.200662401,9.52247161,
4.202757495,9.351670481,
4.204852588,9.175902717,
4.206947681,8.99526167,
4.209042775,8.809843275,
4.211137868,8.619746009,
4.213232962,8.425070831,
4.215328055,8.225921133,
4.217423149,8.022402681,
4.219518242,7.814623565,
4.221613336,7.602694133,
4.223708429,7.386726942,
4.225803523,7.166836691,
4.227898616,6.943140162,
4.22999371,6.715756159,
4.232088803,6.484805446,
4.234183897,6.250410679,
4.23627899,6.012696345,
4.238374084,5.771788693,
4.240469177,5.527815667,
4.24256427,5.28090684,
4.244659364,5.031193346,
4.246754457,4.778807806,
4.248849551,4.52388426,
4.250944644,4.266558098,
4.253039738,4.006965984,
4.255134831,3.745245787,
4.257229925,3.481536506,
4.259325018,3.215978195,
4.261420112,2.94871189,
4.263515205,2.679879537,
4.265610299,2.409623911,
4.267705392,2.138088544,
4.269800486,1.865417646,
4.271895579,1.591756033,
4.273990672,1.317249045,
4.276085766,1.042042471,
4.278180859,0.7662824726,
4.280275953,0.4901155047,
4.282371046,0.2136882385,
4.28446614,-0.06285251662,
4.286561233,-0.3393598911,
4.288656327,-0.6156870328,
4.29075142,-0.8916871858,
4.292846514,-1.167213767,
4.294941607,-1.442120446,
4.297036701,-1.716261221,
4.299131794,-1.989490497,
4.301226888,-2.261663162,
4.303321981,-2.532634667,
4.305417074,-2.8022611,
4.307512168,-3.070399264,
4.309607261,-3.336906752,
4.311702355,-3.601642021,
4.313797448,-3.864464474,
4.315892542,-4.125234525,
4.317987635,-4.383813681,
4.320082729,-4.640064612,
4.322177822,-4.893851223,
4.324272916,-5.14503873,
4.326368009,-5.393493728,
4.328463103,-5.639084264,
4.330558196,-5.881679905,
4.33265329,-6.12115181,
4.334748383,-6.357372796,
4.336843476,-6.590217407,
4.33893857,-6.819561981,
4.341033663,-7.045284714,
4.343128757,-7.267265724,
4.34522385,-7.48538712,
4.347318944,-7.699533057,
4.349414037,-7.909589804,
4.351509131,-8.1154458,
4.353604224,-8.316991716,
4.355699318,-8.514120511,
4.357794411,-8.706727493,
4.359889505,-8.894710366,
4.361984598,-9.077969296,
4.364079692,-9.256406953,
4.366174785,-9.42992857,
4.368269878,-9.598441991,
4.370364972,-9.761857719,
4.372460065,-9.920088964,
4.374555159,-10.07305169,
4.376650252,-10.22066466,
4.378745346,-10.36284948,
4.380840439,-10.49953063,
4.382935533,-10.63063552,
4.385030626,-10.75609452,
4.38712572,-10.87584101,
4.389220813,-10.98981138,
4.391315907,-11.09794511,
4.393411,-11.20018477,
4.395506094,-11.29647605,
4.397601187,-11.38676782,
4.39969628,-11.47101213,
4.401791374,-11.54916423,
4.403886467,-11.62118261,
4.405981561,-11.68702903,
4.408076654,-11.74666852,
4.410171748,-11.8000694,
4.412266841,-11.84720331,
4.414361935,-11.88804522,
4.416457028,-11.92257344,
4.418552122,-11.95076963,
4.420647215,-11.97261881,
4.422742309,-11.98810939,
4.424837402,-11.99723313,
4.426932496,-11.99998519,
4.429027589,-11.9963641,
4.431122682,-11.9863718,
4.433217776,-11.97001358,
4.435312869,-11.94729813,
4.437407963,-11.91823753,
4.439503056,-11.8828472,
4.44159815,-11.84114594,
4.443693243,-11.79315589,
4.445788337,-11.73890254,
4.44788343,-11.67841472,
4.449978524,-11.61172453,
4.452073617,-11.53886741,
4.454168711,-11.45988204,
4.456263804,-11.37481037,
4.458358898,-11.28369759,
4.460453991,-11.18659208,
4.462549084,-11.08354542,
4.464644178,-10.97461234,
4.466739271,-10.85985068,
4.468834365,-10.7393214,
4.470929458,-10.61308851,
4.473024552,-10.48121905,
4.475119645,-10.34378306,
4.477214739,-10.20085353,
4.479309832,-10.05250637,
4.481404926,-9.898820363,
4.483500019,-9.739877133,
4.485595113,-9.575761094,
4.487690206,-9.406559408,
4.4897853,-9.232361936,
4.491880393,-9.053261195,
4.493975486,-8.869352303,
4.49607058,-8.680732935,
4.498165673,-8.487503265,
4.500260767,-8.289765917,
4.50235586,-8.087625909,
4.504450954,-7.881190595,
4.506546047,-7.670569613,
4.508641141,-7.455874823,
4.510736234,-7.237220249,
4.512831328,-7.014722016,
4.514926421,-6.788498294,
4.517021515,-6.558669227,
4.519116608,-6.325356879,
4.521211702,-6.088685159,
4.523306795,-5.848779763,
4.525401888,-5.605768105,
4.527496982,-5.359779245,
4.529592075,-5.11094383,
4.531687169,-4.859394012,
4.533782262,-4.605263391,
4.535877356,-4.348686933,
4.537972449,-4.089800905,
4.540067543,-3.8287428,
4.542162636,-3.565651266,
4.54425773,-3.30066603,
4.546352823,-3.033927823,
4.548447917,-2.765578309,
4.55054301,-2.495760008,
4.552638104,-2.224616219,
4.554733197,-1.952290946,
4.55682829,-1.678928818,
4.558923384,-1.404675019,
4.561018477,-1.129675202,
4.563113571,-0.85407542,
4.565208664,-0.5780220416,
4.567303758,-0.301661678,
4.569398851,-0.02514110321,
4.571493945,0.251392824,
4.573589038,0.5277932374,
4.575684132,0.8039133421,
4.577779225,1.079606492,
4.579874319,1.354726267,
4.581969412,1.629126552,
4.584064506,1.902661615,
4.586159599,2.175186182,
4.588254692,2.446555517,
4.590349786,2.716625496,
4.592444879,2.985252686,
4.594539973,3.252294421,
4.596635066,3.517608876,
4.59873016,3.781055143,
4.600825253,4.042493307,
4.602920347,4.301784519,
4.60501544,4.558791071,
4.607110534,4.813376468,
4.609205627,5.065405501,
4.611300721,5.314744317,
4.613395814,5.561260495,
4.615490908,5.804823109,
4.617586001,6.045302806,
4.619681094,6.282571868,
4.621776188,6.516504281,
4.623871281,6.746975805,
4.625966375,6.973864038,
4.628061468,7.197048481,
4.630156562,7.416410601,
4.632251655,7.631833895,
4.634346749,7.843203953,
4.636441842,8.050408518,
4.638536936,8.253337544,
4.640632029,8.451883257,
4.642727123,8.645940208,
4.644822216,8.835405336,
4.64691731,9.020178017,
4.649012403,9.200160118,
4.651107496,9.375256052,
4.65320259,9.545372825,
4.655297683,9.71042009,
4.657392777,9.870310191,
4.65948787,10.02495821,
4.661582964,10.17428202,
4.663678057,10.3182023,
4.665773151,10.45664263,
4.667868244,10.58952948,
4.669963338,10.71679228,
4.672058431,10.83836343,
4.674153525,10.95417837,
4.676248618,11.06417559,
4.678343712,11.16829667,
4.680438805,11.26648631,
4.682533898,11.35869238,
4.684628992,11.44486588,
4.686724085,11.52496107,
4.688819179,11.59893539,
4.690914272,11.66674957,
4.693009366,11.72836758,
4.695104459,11.78375671,
4.697199553,11.83288753,
4.699294646,11.87573395,
4.70138974,11.91227322,
4.703484833,11.94248594,
4.705579927,11.96635604,
4.70767502,11.98387086,
4.709770114,11.9950211,
4.711865207,11.99980083,
4.7139603,11.99820752,
4.716055394,11.990242,
4.718150487,11.97590852,
4.720245581,11.95521468,
4.722340674,11.92817148,
4.724435768,11.89479328,
4.726530861,11.85509779,
4.728625955,11.80910612,
4.730721048,11.75684267,
4.732816142,11.69833522,
4.734911235,11.63361483,
4.737006329,11.56271587,
4.739101422,11.485676,
4.741196516,11.40253613,
4.743291609,11.31334043,
4.745386702,11.21813626,
4.747481796,11.11697418,
4.749576889,11.00990792,
4.751671983,10.89699434,
4.753767076,10.77829341,
4.75586217,10.65386818,
4.757957263,10.52378472,
4.760052357,10.38811212,
4.76214745,10.24692244,
4.764242544,10.10029066,
4.766337637,9.94829466,
4.768432731,9.791015158,
4.770527824,9.628535688,
4.772622918,9.460942543,
4.774718011,9.288324729,
4.776813104,9.110773924,
4.778908198,8.928384425,
4.781003291,8.741253097,
4.783098385,8.549479325,
4.785193478,8.35316496,
4.787288572,8.152414264,
4.789383665,7.947333853,
4.791478759,7.738032646,
4.793573852,7.524621801,
4.795668946,7.307214661,
4.797764039,7.085926689,
4.799859133,6.86087541,
4.801954226,6.632180348,
4.80404932,6.399962963,
4.806144413,6.164346583,
4.808239506,5.925456344,
4.8103346,5.68341912,
4.812429693,5.438363455,
4.814524787,5.190419497,
4.81661988,4.939718929,
4.818714974,4.686394896,
4.820810067,4.430581938,
4.822905161,4.172415916,
4.825000254,3.912033942,
4.827095348,3.649574302,
4.829190441,3.385176388,
4.831285535,3.11898062,
4.833380628,2.851128375,
4.835475722,2.581761907,
4.837570815,2.311024276,
4.839665908,2.03905927,
4.841761002,1.766011327,
4.843856095,1.492025464,
4.845951189,1.217247191,
4.848046282,0.9418224437,
4.850141376,0.6658974981,
4.852236469,0.3896188972,
4.854331563,0.1131333712,
4.856426656,-0.1634122394,
4.85852175,-0.4398710625,
4.860616843,-0.7160962718,
4.862711937,-0.9919411654,
4.86480703,-1.267259243,
4.866902124,-1.541904284,
4.868997217,-1.815730427,
4.871092311,-2.088592242,
4.873187404,-2.360344815,
4.875282497,-2.630843818,
4.877377591,-2.899945591,
4.879472684,-3.167507214,
4.881567778,-3.433386588,
4.883662871,-3.697442504,
4.885757965,-3.959534723,
4.887853058,-4.21952405,
4.889948152,-4.477272404,
4.892043245,-4.732642898,
4.894138339,-4.985499904,
4.896233432,-5.235709132,
4.898328526,-5.483137696,
4.900423619,-5.727654188,
4.902518713,-5.969128747,
4.904613806,-6.207433125,
4.906708899,-6.442440761,
4.908803993,-6.674026844,
4.910899086,-6.902068378,
4.91299418,-7.126444251,
4.915089273,-7.3470353,
4.917184367,-7.563724368,
4.91927946,-7.776396373,
4.921374554,-7.984938365,
4.923469647,-8.18923959,
4.925564741,-8.389191543,
4.927659834,-8.584688031,
4.929754928,-8.775625226,
4.931850021,-8.961901722,
4.933945115,-9.143418589,
4.936040208,-9.320079424,
4.938135301,-9.491790403,
4.940230395,-9.658460331,
4.942325488,-9.82000069,
4.944420582,-9.976325687,
4.946515675,-10.1273523,
4.948610769,-10.27300031,
4.950705862,-10.41319238,
4.952800956,-10.54785405,
4.954896049,-10.67691379,
4.956991143,-10.80030306,
4.959086236,-10.91795634,
4.96118133,-11.02981114,
4.963276423,-11.13580805,
4.965371517,-11.23589078,
4.96746661,-11.33000617,
4.969561703,-11.41810424,
4.971656797,-11.50013821,
4.97375189,-11.5760645,
4.975846984,-11.64584278,
4.977942077,-11.70943601,
4.980037171,-11.76681041,
4.982132264,-11.8179355,
4.984227358,-11.86278413,
4.986322451,-11.90133248,
4.988417545,-11.93356009,
4.990512638,-11.95944983,
4.992607732,-11.97898796,
4.994702825,-11.9921641,
4.996797919,-11.99897125,
4.998893012,-11.99940579,
5.000988105,-11.99346749,
5.003083199,-11.98115952,
5.005178292,-11.9624884,
5.007273386,-11.93746405,
5.009368479,-11.90609977,
5.011463573,-11.8684122,
5.013558666,-11.82442137,
5.01565376,-11.77415064,
5.017748853,-11.7176267,
5.019843947,-11.65487958,
5.02193904,-11.5859426,
5.024034134,-11.51085237,
5.026129227,-11.42964878,
5.028224321,-11.34237495,
5.030319414,-11.24907723,
5.032414507,-11.14980517,
5.034509601,-11.04461149,
5.036604694,-10.93355207,
5.038699788,-10.81668588,
5.040794881,-10.69407499,
5.042889975,-10.56578453,
5.044985068,-10.43188262,
5.047080162,-10.29244038,
5.049175255,-10.14753186,
5.051270349,-9.997234035,
5.053365442,-9.841626719,
5.055460536,-9.680792555,
5.057555629,-9.514816962,
5.059650723,-9.343788088,
5.061745816,-9.167796767,
5.063840909,-8.986936466,
5.065936003,-8.801303241,
5.068031096,-8.610995679,
5.07012619,-8.416114853,
5.072221283,-8.216764262,
5.074316377,-8.013049782,
5.07641147,-7.805079604,
5.078506564,-7.592964179,
5.080601657,-7.376816163,
5.082696751,-7.15675035,
5.084791844,-6.932883616,
5.086886938,-6.705334856,
5.088982031,-6.47422492,
5.091077125,-6.23967655,
5.093172218,-6.001814313,
5.095267311,-5.760764537,
5.097362405,-5.516655242,
5.099457498,-5.269616075,
5.101552592,-5.019778236,
5.103647685,-4.767274413,
5.105742779,-4.512238711,
5.107837872,-4.254806576,
5.109932966,-3.995114732,
5.112028059,-3.733301099,
5.114123153,-3.469504724,
5.116218246,-3.20386571,
5.11831334,-2.936525136,
5.120408433,-2.667624985,
5.122503527,-2.39730807,
5.12459862,-2.125717954,
5.126693713,-1.852998878,
5.128788807,-1.579295682,
5.1308839,-1.304753728,
5.132978994,-1.029518825,
5.135074087,-0.7537371493,
5.137169181,-0.4775551664,
5.139264274,-0.201119556,
5.141359368,0.07542286821,
5.143454461,0.3519252357,
5.145549555,0.628240697,
5.147644648,0.9042225024,
5.149739742,1.179724079,
5.151834835,1.454599109,
5.153929929,1.728701607,
5.156025022,2.001885999,
5.158120115,2.274007197,
5.160215209,2.54492068,
5.162310302,2.814482565,
5.164405396,3.08254969,
5.166500489,3.348979686,
5.168595583,3.613631053,
5.170690676,3.876363235,
5.17278577,4.137036696,
5.174880863,4.395512994,
5.176975957,4.651654852,
5.17907105,4.905326237,
5.181166144,5.156392422,
5.183261237,5.404720068,
5.185356331,5.65017729,
5.187451424,5.892633726,
5.189546517,6.131960608,
5.191641611,6.368030831,
5.193736704,6.600719019,
5.195831798,6.829901592,
5.197926891,7.055456832,
5.200021985,7.277264948,
5.202117078,7.495208139,
5.204212172,7.709170655,
5.206307265,7.919038862,
5.208402359,8.124701299,
5.210497452,8.326048742,
5.212592546,8.522974254,
5.214687639,8.715373249,
5.216782733,8.903143545,
5.218877826,9.086185418,
5.220972919,9.264401655,
5.223068013,9.437697607,
5.225163106,9.605981235,
5.2272582,9.769163167,
5.229353293,9.927156736,
5.231448387,10.07987803,
5.23354348,10.22724595,
5.235638574,10.36918221,
5.237733667,10.50561145,
5.239828761,10.6364612,
5.241923854,10.76166197,
5.244018948,10.88114726,
5.246114041,10.99485362,
5.248209135,11.10272066,
5.250304228,11.20469109,
5.252399321,11.30071075,
5.254494415,11.39072865,
5.256589508,11.47469699,
5.258684602,11.55257116,
5.260779695,11.6243098,
5.262874789,11.68987482,
5.264969882,11.7492314,
5.267064976,11.80234801,
5.269160069,11.84919644,
5.271255163,11.88975181,
5.273350256,11.92399258,
5.27544535,11.95190057,
5.277540443,11.97346095,
5.279635537,11.98866228,
5.28173063,11.99749647,
5.283825723,11.99995885,
5.285920817,11.9960481,
5.28801591,11.98576629,
5.290111004,11.96911889,
5.292206097,11.94611475,
5.294301191,11.91676607,
5.296396284,11.88108844,
5.298491378,11.83910082,
5.300586471,11.7908255,
5.302681565,11.73628812,
5.304776658,11.67551765,
5.306871752,11.60854635,
5.308966845,11.53540981,
5.311061939,11.45614685,
5.313157032,11.37079959,
5.315252125,11.27941333,
5.317347219,11.18203663,
5.319442312,11.07872119,
5.321537406,10.9695219,
5.323632499,10.85449673,
5.325727593,10.73370678,
5.327822686,10.60721621,
5.32991778,10.47509218,
5.332012873,10.33740488,
5.334107967,10.19422743,
5.33620306,10.04563586,
5.338298154,9.891709094,
5.340393247,9.732528884,
5.342488341,9.568179768,
5.344583434,9.398749031,
5.346678527,9.224326656,
5.348773621,9.045005279,
5.350868714,8.860880137,
5.352963808,8.672049018,
5.355058901,8.47861221,
5.357153995,8.280672444,
5.359249088,8.078334848,
5.361344182,7.871706881,
5.363439275,7.660898283,
5.365534369,7.446021013,
5.367629462,7.227189192,
5.369724556,7.00451904,
5.371819649,6.778128817,
5.373914743,6.548138758,
5.376009836,6.314671008,
5.378104929,6.077849563,
5.380200023,5.837800197,
5.382295116,5.594650399,
5.38439021,5.348529305,
5.386485303,5.099567629,
5.388580397,4.847897593,
5.39067549,4.593652859,
5.392770584,4.336968455,
5.394865677,4.077980705,
5.396960771,3.816827156,
5.399055864,3.553646505,
5.401150958,3.288578527,
5.403246051,3.021763999,
5.405341145,2.753344624,
5.407436238,2.48346296,
5.409531331,2.212262338,
5.411626425,1.939886792,
5.413721518,1.666480981,
5.415816612,1.392190109,
5.417911705,1.11715985,
5.420006799,0.8415362719,
5.422101892,0.5654657575,
5.424196986,0.2890949266,
5.426292079,0.0125705585,
5.428387173,-0.2639604858,
5.430482266,-0.5403513417,
5.43257736,-0.8164552192,
5.434672453,-1.092125481,
5.436767547,-1.367215719,
5.43886264,-1.641579834,
5.440957733,-1.915072113,
5.443052827,-2.187547306,
5.44514792,-2.4588607,
5.447243014,-2.728868204,
5.449338107,-2.997426418,
5.451433201,-3.26439271,
5.453528294,-3.529625296,
5.455623388,-3.792983314,
5.457718481,-4.054326893,
5.459813575,-4.313517236,
5.461908668,-4.570416687,
5.464003762,-4.824888809,
5.466098855,-5.076798452,
5.468193949,-5.326011828,
5.470289042,-5.572396582,
5.472384135,-5.815821858,
5.474479229,-6.056158375,
5.476574322,-6.293278491,
5.478669416,-6.527056273,
5.480764509,-6.757367562,
5.482859603,-6.98409004,
5.484954696,-7.207103297,
5.48704979,-7.426288891,
5.489144883,-7.641530413,
5.491239977,-7.85271355,
5.49333507,-8.059726143,
5.495430164,-8.262458248,
5.497525257,-8.460802195,
5.499620351,-8.654652645,
5.501715444,-8.843906645,
5.503810537,-9.028463682,
5.505905631,-9.208225738,
5.508000724,-9.383097344,
5.510095818,-9.552985625,
5.512190911,-9.717800355,
5.514286005,-9.877454,
5.516381098,-10.03186177,
5.518476192,-10.18094166,
5.520571285,-10.32461449,
5.522666379,-10.46280397,
5.524761472,-10.59543669,
5.526856566,-10.72244221,
5.528951659,-10.8437531,
5.531046753,-10.9593049,
5.533141846,-11.06903627,
5.53523694,-11.17288892,
5.537332033,-11.27080769,
5.539427126,-11.36274058,
5.54152222,-11.44863877,
5.543617313,-11.52845663,
5.545712407,-11.60215178,
5.5478075,-11.66968507,
5.549902594,-11.73102064,
5.551997687,-11.78612591,
5.554092781,-11.83497162,
5.556187874,-11.87753182,
5.558282968,-11.91378391,
5.560378061,-11.94370865,
5.562473155,-11.96729012,
5.564568248,-11.98451582,
5.566663342,-11.9953766,
5.568758435,-11.99986667,
5.570853528,-11.99798367,
5.572948622,-11.98972858,
5.575043715,-11.97510581,
5.577138809,-11.9541231,
5.579233902,-11.9267916,
5.581328996,-11.89312584,
5.583424089,-11.85314368,
5.585519183,-11.80686637,
5.587614276,-11.75431848,
5.58970937,-11.69552792,
5.591804463,-11.63052591,
5.593899557,-11.55934698,
5.59599465,-11.48202893,
5.598089744,-11.39861281,
5.600184837,-11.30914294,
5.60227993,-11.21366684,
5.604375024,-11.1122352,
5.606470117,-11.00490189,
5.608565211,-10.89172393,
5.610660304,-10.77276142,
5.612755398,-10.64807754,
5.614850491,-10.5177385,
5.616945585,-10.38181354,
5.619040678,-10.24037485,
5.621135772,-10.09349753,
5.623230865,-9.941259592,
5.625325959,-9.783741895,
5.627421052,-9.621028092,
5.629516146,-9.453204601,
5.631611239,-9.280360552,
5.633706332,-9.102587741,
5.635801426,-8.919980584,
5.637896519,-8.732636061,
5.639991613,-8.54065367,
5.642086706,-8.344135374,
5.6441818,-8.143185541,
5.646276893,-7.937910896,
5.648371987,-7.728420459,
5.65046708,-7.51482549,
5.652562174,-7.297239427,
5.654657267,-7.075777831,
5.656752361,-6.850558318,
5.658847454,-6.621700501,
5.660942548,-6.389325926,
5.663037641,-6.153558007,
5.665132734,-5.914521958,
5.667227828,-5.67234473,
5.669322921,-5.427154944,
5.671418015,-5.179082818,
5.673513108,-4.928260102,
5.675608202,-4.674820007,
5.677703295,-4.418897135,
5.679798389,-4.160627404,
5.681893482,-3.900147981,
5.683988576,-3.637597206,
5.686083669,-3.373114518,
5.688178763,-3.106840382,
5.690273856,-2.838916216,
5.69236895,-2.569484313,
5.694464043,-2.298687768,
5.696559136,-2.026670399,
5.69865423,-1.753576674,
5.700749323,-1.479551631,
5.702844417,-1.204740804,
5.70493951,-0.9292901451,
5.707034604,-0.6533459435,
5.709129697,-0.3770547525,
5.711224791,-0.1005633093,
5.713319884,0.1759815427,
5.715414978,0.4524329316,
5.717510071,0.7286440352,
5.719605165,1.004468159,
5.721700258,1.279758814,
5.723795352,1.554369794,
5.725890445,1.828155255,
5.727985538,2.10096979,
5.730080632,2.372668508,
5.732175725,2.643107112,
5.734270819,2.912141973,
5.736365912,3.179630207,
5.738461006,3.445429752,
5.740556099,3.709399444,
5.742651193,3.971399088,
5.744746286,4.231289539,
5.74684138,4.48893277,
5.748936473,4.744191947,
5.751031567,4.996931502,
5.75312666,5.247017208,
5.755221754,5.494316245,
5.757316847,5.738697272,
5.75941194,5.980030501,
5.761507034,6.218187761,
5.763602127,6.453042566,
5.765697221,6.684470187,
5.767792314,6.912347713,
5.769887408,7.136554119,
5.771982501,7.356970331,
5.774077595,7.573479286,
5.776172688,7.785965997,
5.778267782,7.994317614,
5.780362875,8.198423481,
5.782457969,8.398175199,
5.784553062,8.59346668,
5.786648156,8.784194207,
5.788743249,8.970256484,
5.790838342,9.151554694,
5.792933436,9.327992551,
5.795028529,9.49947635,
5.797123623,9.665915015,
5.799218716,9.827220153,
5.80131381,9.983306094,
5.803408903,10.13408994,
5.805503997,10.27949162,
5.80759909,10.4194339,
5.809694184,10.55384246,
5.811789277,10.68264591,
5.813884371,10.80577586,
5.815979464,10.92316691,
5.818074558,11.0347567,
5.820169651,11.14048598,
5.822264744,11.2402986,
5.824359838,11.33414154,
5.826454931,11.42196496,
5.828550025,11.50372222,
5.830645118,11.5793699,
5.832740212,11.64886783,
5.834835305,11.71217909,
5.836930399,11.76927006,
5.839025492,11.82011042,
5.841120586,11.86467317,
5.843215679,11.90293464,
5.845310773,11.93487451,
5.847405866,11.96047582,
5.84950096,11.97972496,
5.851596053,11.99261172,
5.853691146,11.99912926,
5.85578624,11.99927411,
5.857881333,11.99304619,
5.859976427,11.98044881,
5.86207152,11.96148867,
5.864166614,11.93617583,
5.866261707,11.90452374,
5.868356801,11.8665492,
5.870451894,11.82227238,
5.872546988,11.77171681,
5.874642081,11.71490932,
5.876737175,11.6518801,
5.878832268,11.58266261,
5.880927362,11.50729361,
5.883022455,11.42581314,
5.885117548,11.33826446,
5.887212642,11.24469408,
5.889307735,11.14515169,
5.891402829,11.03969015,
5.893497922,10.92836548,
5.895593016,10.8112368,
5.897688109,10.68836632,
5.899783203,10.55981929,
5.901878296,10.42566398,
5.90397339,10.28597164,
5.906068483,10.14081647,
5.908163577,9.990275546,
5.91025867,9.834428832,
5.912353764,9.673359093,
5.914448857,9.507151872,
5.91654395,9.335895442,
5.918639044,9.159680756,
5.920734137,8.978601401,
5.922829231,8.792753548,
5.924924324,8.602235899,
5.927019418,8.407149638,
5.929114511,8.207598375,
5.931209605,8.003688089,
5.933304698,7.795527078,
5.935399792,7.583225893,
5.937494885,7.366897289,
5.939589979,7.146656156,
5.941685072,6.922619463,
5.943780166,6.694906195,
5.945875259,6.463637289,
5.947970352,6.228935573,
5.950065446,5.990925694,
5.952160539,5.749734059,
5.954255633,5.505488764,
5.956350726,5.258319527,
5.95844582,5.008357617,
5.960540913,4.755735789,
5.962636007,4.50058821,
5.9647311,4.243050386,
5.966826194,3.983259096,
5.968921287,3.721352313,
5.971016381,3.457469135,
5.973111474,3.191749709,
5.975206568,2.924335159,
5.977301661,2.655367505,
5.979396754,2.384989597,
5.981491848,2.113345031,
5.983586941,1.840578076,
5.985682035,1.566833598,
5.987777128,1.29225698,
5.989872222,1.01699405,
5.991967315,0.7411909989,
5.994062409,0.4649943041,
5.996157502,0.1885506528,
5.998252596,-0.08799313703,
6.000347689,-0.3644901941,
6.002442783,-0.6407936718,
6.004537876,-0.9167568267,
6.00663297,-1.192233096,
6.008728063,-1.467076175,
6.010823156,-1.741140096,
6.01291825,-2.014279304,
6.015013343,-2.286348737,
6.017108437,-2.557203899,
6.01920353,-2.826700941,
6.021298624,-3.094696734,
6.023393717,-3.361048946,
6.025488811,-3.625616119,
6.027583904,-3.888257741,
6.029678998,-4.148834326,
6.031774091,-4.407207482,
6.033869185,-4.663239988,
6.035964278,-4.916795867,
6.038059372,-5.167740455,
6.040154465,-5.415940478,
6.042249558,-5.661264117,
6.044344652,-5.903581081,
6.046439745,-6.142762678,
6.048534839,-6.378681879,
6.050629932,-6.611213387,
6.052725026,-6.840233708,
6.054820119,-7.065621208,
6.056915213,-7.287256186,
6.059010306,-7.505020932,
6.0611054,-7.718799792,
6.063200493,-7.928479229,
6.065295587,-8.133947883,
6.06739068,-8.335096631,
6.069485774,-8.531818643,
6.071580867,-8.724009441,
6.07367596,-8.911566954,
6.075771054,-9.09439157,
6.077866147,-9.272386191,
6.079961241,-9.445456286,
6.082056334,-9.613509939,
6.084151428,-9.776457895,
6.086246521,-9.934213614,
6.088341615,-10.08669331,
6.090436708,-10.23381601,
6.092531802,-10.37550357,
6.094626895,-10.51168074,
6.096721989,-10.64227521,
6.098817082,-10.7672176,
6.100912176,-10.88644157,
6.103007269,-10.99988379,
6.105102362,-11.10748402,
6.107197456,-11.20918511,
6.109292549,-11.30493305,
6.111387643,-11.39467699,
6.113482736,-11.47836925,
6.11557783,-11.55596541,
6.117672923,-11.62742424,
6.119768017,-11.69270779,
6.12186311,-11.75178139,
6.123958204,-11.80461367,
6.126053297,-11.85117656,
6.128148391,-11.89144535,
6.130243484,-11.92539863,
6.132338578,-11.95301839,
6.134433671,-11.97428995,
6.136528764,-11.98920201,
6.138623858,-11.99774665,
6.140718951,-11.99991934,
6.142814045,-11.99571893,
6.144909138,-11.98514763,
6.147004232,-11.96821108,
6.149099325,-11.94491825,
6.151194419,-11.91528153,
6.153289512,-11.87931665,
6.155384606,-11.83704271,
6.157479699,-11.78848217,
6.159574793,-11.73366082,
6.161669886,-11.67260776,
6.16376498,-11.60535543,
6.165860073,-11.53193955,
6.167955167,-11.45239909,
6.17005026,-11.36677632,
6.172145353,-11.2751167,
6.174240447,-11.17746891,
6.17633554,-11.07388481,
6.178430634,-10.96441942,
6.180525727,-10.84913086,
6.182620821,-10.72808038,
6.184715914,-10.60133226,
6.186811008,-10.46895382,
6.188906101,-10.33101536,
6.191001195,-10.18759013,
6.193096288,-10.03875432,
6.195191382,-9.884586971,
6.197286475,-9.725169956,
6.199381569,-9.560587942,
6.201476662,-9.39092834,
6.203571755,-9.216281254,
6.205666849,-9.036739439,
6.207761942,-8.852398248,
6.209857036,-8.663355585,
6.211952129,-8.46971185,
6.214047223,-8.271569885,
6.216142316,-8.069034923,
6.21823741,-7.862214529,
6.220332503,-7.651218546,
6.222427597,-7.436159032,
6.22452269,-7.217150204,
6.226617784,-6.994308378,
6.228712877,-6.767751903,
6.230807971,-6.537601102,
6.232903064,-6.303978209,
6.234998157,-6.067007298,
6.237093251,-5.826814224,
6.239188344,-5.583526554,
6.241283438,-5.337273495,
6.243378531,-5.088185832,
6.245473625,-4.836395855,
6.247568718,-4.582037287,
6.249663812,-4.325245219,
6.251758905,-4.06615603,
6.253853999,-3.804907322,
6.255949092,-3.541637844,
6.258044186,-3.276487416,
6.260139279,-3.00959686,
6.262234373,-2.741107918,
6.264329466,-2.471163186,
6.266424559,-2.199906029,
6.268519653,-1.927480511,
6.270614746,-1.654031315,
6.27270984,-1.379703671,
6.274804933,-1.104643271,
6.276900027,-0.8289962004,
6.27899512,-0.552908853,
6.281090214,-0.2765278579,
6.283185307,-1.175958038e-13,
